Evap_Entering_Water_Temp,Evap_Leaving_Water_Temp,Evap_Saturated_Rfgt_Temp,Evap_Saturated_Rfgt_Pres,Evap_Flowswitch_Status,Evap_Rfgt_Approach_Temp,Expansion_Valve_Position,Expansion_Valve_Steps,Evap_Rfgt_Liquid_Level,Evap_Water_PD_FT,date,unit_id,Mode,Chill_Water_Setpoint,AVg_Line_Curr,Curr_Lim_Setpoint
8,6,3,576,ON,3,74,1536,53,67,2026-08-08T12:00:00+08:00,1,Cooling,6,236,275
10,8,5,649,ON,3,73,1446,53,64,2026-08-08T13:00:00+08:00,1,Cooling,8,225,300
9,7,4,611,ON,3,64,1345,54,63,2026-08-08T14:00:00+08:00,1,Cooling,7,196,300
9,7,3,586,ON,4,73,1474,54,65,2026-08-08T15:00:00+08:00,1,Cooling,7,205,250
10,8,4,614,ON,4,62,1304,55,62,2026-08-08T16:00:00+08:00,1,Cooling,8,198,250
7,6,3,579,ON,3,58,1325,63,54,2026-08-08T17:00:00+08:00,1,Cooling,6,166,300
8,6,3,584,ON,4,62,1373,54,58,2026-08-08T18:00:00+08:00,1,Cooling,6,191,250
8,7,4,612,OFF,3,24,596,80,26,2026-08-08T19:00:00+08:00,1,Standby,7,51,250
10,8,5,627,ON,4,56,1231,58,48,2026-08-08T20:00:00+08:00,1,Cooling,8,157,250
8,7,4,613,OFF,3,24,550,78,26,2026-08-08T21:00:00+08:00,1,Standby,7,50,250
6,6,3,580,OFF,3,18,517,79,21,2026-08-08T22:00:00+08:00,1,Standby,6,44,275
7,7,5,641,OFF,2,22,549,75,25,2026-08-08T23:00:00+08:00,1,Standby,7,39,275
8,8,5,642,OFF,3,18,493,78,19,2026-08-09T00:00:00+08:00,1,Standby,8,40,275
7,7,4,614,OFF,3,22,529,77,21,2026-08-09T01:00:00+08:00,1,Standby,7,42,250
9,8,5,641,OFF,3,23,563,81,21,2026-08-09T02:00:00+08:00,1,Standby,8,50,275
8,7,4,615,OFF,3,19,492,80,22,2026-08-09T03:00:00+08:00,1,Standby,7,40,250
8,8,5,638,OFF,3,23,611,79,27,2026-08-09T04:00:00+08:00,1,Standby,8,47,250
9,7,4,613,ON,3,55,1188,60,49,2026-08-09T05:00:00+08:00,1,Cooling,7,137,300
9,7,4,615,ON,3,55,1183,61,56,2026-08-09T06:00:00+08:00,1,Cooling,7,154,300
9,7,4,617,ON,4,64,1339,52,62,2026-08-09T07:00:00+08:00,1,Cooling,7,184,275
8,6,3,586,ON,3,70,1453,50,61,2026-08-09T08:00:00+08:00,1,Cooling,6,199,250
9,7,4,605,ON,3,64,1406,56,58,2026-08-09T09:00:00+08:00,1,Cooling,7,207,250
9,7,4,605,ON,4,75,1439,55,66,2026-08-09T10:00:00+08:00,1,Cooling,7,227,300
11,8,5,645,ON,3,74,1552,47,68,2026-08-09T11:00:00+08:00,1,Cooling,8,223,250
9,7,3,578,ON,4,85,1571,44,70,2026-08-09T12:00:00+08:00,2,Cooling,7,227,275
8,6,3,580,ON,4,78,1584,54,67,2026-08-09T13:00:00+08:00,2,Cooling,6,232,300
8,6,2,555,OFF,4,68,1385,55,62,2026-08-09T14:00:00+08:00,2,Cooling,6,211,275
8,6,3,582,ON,4,78,1545,51,72,2026-08-09T15:00:00+08:00,2,Cooling,6,217,300
10,7,4,610,ON,4,79,1594,53,73,2026-08-09T16:00:00+08:00,2,Cooling,7,232,250
11,8,5,639,ON,4,81,1587,51,70,2026-08-09T17:00:00+08:00,2,Cooling,8,233,250
10,8,5,644,ON,4,58,1195,57,54,2026-08-09T18:00:00+08:00,2,Cooling,8,155,275
9,7,3,574,ON,4,60,1277,59,53,2026-08-09T19:00:00+08:00,2,Cooling,7,156,250
9,7,4,614,ON,4,54,1234,58,48,2026-08-09T20:00:00+08:00,2,Cooling,7,169,250
7,7,4,606,OFF,3,26,600,76,26,2026-08-09T21:00:00+08:00,2,Standby,7,48,250
7,7,4,601,OFF,3,22,579,77,23,2026-08-09T22:00:00+08:00,2,Standby,7,44,300
8,8,5,648,OFF,3,17,463,79,24,2026-08-09T23:00:00+08:00,2,Standby,8,47,275
6,6,3,591,OFF,3,20,511,78,24,2026-08-10T00:00:00+08:00,2,Standby,6,47,275
7,7,4,611,OFF,3,21,540,79,24,2026-08-10T01:00:00+08:00,2,Standby,7,40,275
8,7,4,602,OFF,3,21,535,77,21,2026-08-10T02:00:00+08:00,2,Standby,7,41,250
8,7,4,615,OFF,3,19,533,77,20,2026-08-10T03:00:00+08:00,2,Standby,7,45,250
9,7,4,608,ON,3,51,1194,58,51,2026-08-10T04:00:00+08:00,2,Cooling,7,151,275
9,8,5,634,ON,3,57,1222,56,44,2026-08-10T05:00:00+08:00,2,Cooling,8,146,300
8,6,3,585,ON,3,57,1290,56,49,2026-08-10T06:00:00+08:00,2,Cooling,6,148,250
10,8,5,634,ON,4,62,1357,57,59,2026-08-10T07:00:00+08:00,2,Cooling,8,177,275
10,8,4,612,ON,4,55,1251,60,51,2026-08-10T08:00:00+08:00,2,Cooling,8,178,300
9,7,4,613,ON,3,64,1267,56,56,2026-08-10T09:00:00+08:00,2,Cooling,7,173,275
8,7,3,585,ON,4,68,1391,54,60,2026-08-10T10:00:00+08:00,2,Cooling,6,208,275
9,7,4,608,ON,4,76,1525,49,72,2026-08-10T11:00:00+08:00,2,Cooling,7,222,250
9,7,3,582,ON,4,73,1373,52,62,2026-08-10T12:00:00+08:00,1,Cooling,7,192,275
9,7,4,620,ON,3,68,1470,55,59,2026-08-10T13:00:00+08:00,1,Cooling,7,202,275
10,8,5,638,ON,4,70,1569,47,67,2026-08-10T14:00:00+08:00,1,Cooling,8,222,275
9,7,4,602,ON,3,69,1452,56,63,2026-08-10T15:00:00+08:00,1,Cooling,7,203,275
8,6,2,553,ON,4,71,1469,55,61,2026-08-10T16:00:00+08:00,1,Cooling,6,194,275
9,7,4,614,ON,3,57,1239,64,55,2026-08-10T17:00:00+08:00,1,Cooling,7,169,300
9,7,4,609,ON,3,59,1315,58,52,2026-08-10T18:00:00+08:00,1,Cooling,7,171,250
6,6,3,587,OFF,3,22,600,83,26,2026-08-10T19:00:00+08:00,1,Standby,6,45,250
9,8,5,635,OFF,3,24,566,78,22,2026-08-10T20:00:00+08:00,1,Standby,8,47,250
8,8,5,633,OFF,3,21,574,77,24,2026-08-10T21:00:00+08:00,1,Standby,8,39,275
8,8,5,634,ON,3,21,516,78,20,2026-08-10T22:00:00+08:00,1,Standby,8,46,250
8,7,4,603,OFF,3,21,540,79,17,2026-08-10T23:00:00+08:00,1,Standby,7,34,250
7,7,4,611,OFF,3,18,463,78,18,2026-08-11T00:00:00+08:00,1,Standby,7,36,275
8,8,5,643,OFF,3,19,519,80,19,2026-08-11T01:00:00+08:00,1,Standby,8,39,275
8,8,5,641,OFF,3,19,487,81,19,2026-08-11T02:00:00+08:00,1,Standby,8,47,250
7,7,4,605,OFF,3,16,419,78,17,2026-08-11T03:00:00+08:00,1,Standby,7,36,250
6,6,3,583,OFF,3,14,471,80,18,2026-08-11T04:00:00+08:00,1,Standby,6,46,275
7,6,3,587,OFF,3,15,447,77,15,2026-08-11T05:00:00+08:00,1,Standby,6,41,275
8,7,5,640,OFF,2,20,570,77,21,2026-08-11T06:00:00+08:00,1,Standby,7,46,300
7,7,4,608,OFF,3,19,499,80,19,2026-08-11T07:00:00+08:00,1,Standby,7,42,250
7,6,3,583,ON,3,51,1142,61,50,2026-08-11T08:00:00+08:00,1,Cooling,6,150,275
10,8,5,642,ON,4,56,1254,56,46,2026-08-11T09:00:00+08:00,1,Cooling,8,141,300
8,7,4,615,ON,3,54,1257,52,55,2026-08-11T10:00:00+08:00,1,Cooling,7,161,275
9,7,4,613,ON,3,61,1291,59,49,2026-08-11T11:00:00+08:00,1,Cooling,7,157,275
9,7,4,604,ON,4,66,1329,54,52,2026-08-11T12:00:00+08:00,2,Cooling,7,194,250
10,8,5,641,ON,3,67,1376,58,54,2026-08-11T13:00:00+08:00,2,Cooling,8,177,275
9,7,4,604,ON,3,62,1197,60,53,2026-08-11T14:00:00+08:00,2,Cooling,7,168,300
9,7,4,607,ON,4,59,1217,58,51,2026-08-11T15:00:00+08:00,2,Cooling,7,163,275
9,8,5,641,OFF,2,25,615,75,27,2026-08-11T16:00:00+08:00,2,Standby,8,48,275
10,8,5,639,ON,3,58,1209,59,52,2026-08-11T17:00:00+08:00,2,Cooling,8,164,250
9,7,4,616,ON,3,51,1115,62,45,2026-08-11T18:00:00+08:00,2,Cooling,7,157,275
9,8,5,640,OFF,3,23,546,78,19,2026-08-11T19:00:00+08:00,2,Standby,8,32,250
7,7,4,614,OFF,3,20,524,77,16,2026-08-11T20:00:00+08:00,2,Standby,7,43,250
6,6,3,587,OFF,3,19,479,79,22,2026-08-11T21:00:00+08:00,2,Standby,6,44,275
8,7,4,616,OFF,3,24,584,78,20,2026-08-11T22:00:00+08:00,2,Standby,7,41,250
8,7,4,610,OFF,3,16,458,80,18,2026-08-11T23:00:00+08:00,2,Standby,7,36,275
7,7,4,610,OFF,3,16,470,79,17,2026-08-12T00:00:00+08:00,2,Standby,7,41,250
8,8,5,642,OFF,3,16,445,81,19,2026-08-12T01:00:00+08:00,2,Standby,8,36,250
8,8,6,650,OFF,3,19,515,80,18,2026-08-12T02:00:00+08:00,2,Standby,8,50,275
8,7,4,613,OFF,3,17,485,80,19,2026-08-12T03:00:00+08:00,2,Standby,7,38,250
7,7,4,608,OFF,3,18,452,80,20,2026-08-12T04:00:00+08:00,2,Standby,7,35,300
7,7,4,612,OFF,3,18,521,81,17,2026-08-12T05:00:00+08:00,2,Standby,7,38,250
7,6,3,594,OFF,3,20,507,76,19,2026-08-12T06:00:00+08:00,2,Standby,6,47,300
8,7,4,619,OFF,3,28,682,75,22,2026-08-12T07:00:00+08:00,2,Standby,7,47,275
6,6,3,584,OFF,3,22,565,80,29,2026-08-12T08:00:00+08:00,2,Standby,6,48,300
9,7,4,617,ON,4,58,1170,58,49,2026-08-12T09:00:00+08:00,2,Cooling,7,165,275
9,7,4,613,ON,4,53,1184,57,52,2026-08-12T10:00:00+08:00,2,Cooling,7,152,250
10,8,5,637,ON,4,68,1460,57,59,2026-08-12T11:00:00+08:00,2,Cooling,8,183,300
9,7,4,609,ON,4,68,1379,56,64,2026-08-12T12:00:00+08:00,1,Cooling,7,212,300
9,7,4,619,ON,4,76,1482,49,66,2026-08-12T13:00:00+08:00,1,Cooling,7,203,300
10,8,5,642,ON,4,72,1495,50,62,2026-08-12T14:00:00+08:00,1,Cooling,8,223,300
8,6,3,586,ON,4,63,1290,55,52,2026-08-12T15:00:00+08:00,1,Cooling,6,174,300
9,7,4,621,ON,3,66,1434,54,56,2026-08-12T16:00:00+08:00,1,Cooling,7,180,275
9,7,4,613,ON,3,54,1210,59,54,2026-08-12T17:00:00+08:00,1,Cooling,7,168,300
9,7,4,614,ON,3,61,1284,61,58,2026-08-12T18:00:00+08:00,1,Cooling,7,171,300
8,8,5,638,ON,3,22,556,79,26,2026-08-12T19:00:00+08:00,1,Standby,8,49,250
7,7,4,612,OFF,3,24,590,79,25,2026-08-12T20:00:00+08:00,1,Standby,7,45,250
7,7,4,614,OFF,3,17,512,81,21,2026-08-12T21:00:00+08:00,1,Standby,7,37,300
7,7,4,616,OFF,3,20,514,78,20,2026-08-12T22:00:00+08:00,1,Standby,7,38,300
7,7,4,613,OFF,3,20,506,76,19,2026-08-12T23:00:00+08:00,1,Standby,7,37,300
7,7,4,617,ON,3,18,506,80,18,2026-08-13T00:00:00+08:00,1,Standby,7,36,250
8,7,4,618,OFF,3,15,427,82,21,2026-08-13T01:00:00+08:00,1,Standby,7,38,250
7,7,4,611,OFF,3,17,470,81,20,2026-08-13T02:00:00+08:00,1,Standby,7,39,275
8,8,5,638,OFF,3,21,558,80,16,2026-08-13T03:00:00+08:00,1,Standby,8,36,275
7,7,4,607,OFF,3,22,571,76,25,2026-08-13T04:00:00+08:00,1,Standby,7,39,275
8,8,5,645,OFF,3,24,640,78,24,2026-08-13T05:00:00+08:00,1,Standby,8,52,250
8,6,3,585,ON,4,53,1174,57,45,2026-08-13T06:00:00+08:00,1,Cooling,6,163,250
9,7,4,615,ON,3,51,1204,60,49,2026-08-13T07:00:00+08:00,1,Cooling,7,150,250
8,6,3,579,ON,3,58,1310,58,56,2026-08-13T08:00:00+08:00,1,Cooling,6,165,300
9,7,4,614,ON,3,65,1374,58,58,2026-08-13T09:00:00+08:00,1,Cooling,7,191,250
9,7,3,586,ON,4,69,1416,52,68,2026-08-13T10:00:00+08:00,1,Cooling,7,200,250
10,7,3,584,ON,4,77,1465,48,63,2026-08-13T11:00:00+08:00,1,Cooling,7,229,250
8,6,2,559,ON,4,71,1433,55,66,2026-08-13T12:00:00+08:00,2,Cooling,6,211,250
9,7,3,576,ON,4,80,1609,43,69,2026-08-13T13:00:00+08:00,2,Cooling,7,240,275
10,8,4,611,ON,4,73,1396,51,69,2026-08-13T14:00:00+08:00,2,Cooling,8,222,300
8,6,3,589,ON,3,72,1448,53,66,2026-08-13T15:00:00+08:00,2,Cooling,6,221,275
9,7,4,611,ON,3,66,1407,52,58,2026-08-13T16:00:00+08:00,2,Cooling,7,194,275
10,8,4,608,ON,4,65,1283,54,64,2026-08-13T17:00:00+08:00,2,Cooling,8,212,275
10,8,4,609,ON,4,64,1396,61,56,2026-08-13T18:00:00+08:00,2,Cooling,8,185,275
9,7,3,583,ON,4,52,1105,59,50,2026-08-13T19:00:00+08:00,2,Cooling,7,173,250
9,7,4,610,ON,3,59,1313,61,55,2026-08-13T20:00:00+08:00,2,Cooling,7,171,250
9,8,5,635,OFF,3,22,517,79,25,2026-08-13T21:00:00+08:00,2,Standby,8,44,250
7,7,4,611,OFF,3,22,587,74,22,2026-08-13T22:00:00+08:00,2,Standby,7,45,300
8,7,4,604,OFF,3,19,477,81,26,2026-08-13T23:00:00+08:00,2,Standby,7,54,250
8,7,4,611,OFF,3,22,541,79,20,2026-08-14T00:00:00+08:00,2,Standby,7,41,275
8,7,4,613,OFF,3,22,548,73,25,2026-08-14T01:00:00+08:00,2,Standby,7,41,275
9,8,5,641,OFF,3,24,574,77,26,2026-08-14T02:00:00+08:00,2,Standby,8,54,250
8,8,5,639,OFF,3,20,553,75,18,2026-08-14T03:00:00+08:00,2,Standby,8,44,300
8,7,4,619,OFF,3,21,543,81,28,2026-08-14T04:00:00+08:00,2,Standby,7,58,275
9,8,5,640,OFF,3,23,574,76,29,2026-08-14T05:00:00+08:00,2,Standby,8,44,250
10,8,4,606,ON,4,55,1149,58,51,2026-08-14T06:00:00+08:00,2,Cooling,8,156,275
9,7,4,610,ON,3,60,1228,59,50,2026-08-14T07:00:00+08:00,2,Cooling,7,156,275
9,7,3,578,ON,4,68,1311,55,61,2026-08-14T08:00:00+08:00,2,Cooling,7,212,250
9,7,3,583,ON,4,60,1340,55,57,2026-08-14T09:00:00+08:00,2,Cooling,7,167,275
9,7,3,590,OFF,4,64,1258,56,60,2026-08-14T10:00:00+08:00,2,Cooling,7,204,275
9,7,4,613,ON,4,68,1410,53,62,2026-08-14T11:00:00+08:00,2,Cooling,7,208,250
9,7,3,582,ON,4,76,1513,51,65,2026-08-14T12:00:00+08:00,1,Cooling,7,217,300
10,8,5,645,ON,3,74,1482,56,67,2026-08-14T13:00:00+08:00,1,Cooling,8,216,250
8,6,3,585,ON,4,75,1472,50,64,2026-08-14T14:00:00+08:00,1,Cooling,6,218,300
10,7,3,585,ON,4,75,1525,51,74,2026-08-14T15:00:00+08:00,1,Cooling,7,236,250
8,6,2,566,ON,4,72,1500,55,61,2026-08-14T16:00:00+08:00,1,Cooling,6,197,250
10,8,4,615,ON,4,69,1398,52,54,2026-08-14T17:00:00+08:00,1,Cooling,8,188,275
8,6,2,557,ON,4,66,1396,55,66,2026-08-14T18:00:00+08:00,1,Cooling,6,195,275
9,7,4,609,ON,4,57,1206,56,53,2026-08-14T19:00:00+08:00,1,Cooling,7,149,275
8,7,4,614,OFF,3,22,557,80,25,2026-08-14T20:00:00+08:00,1,Standby,7,42,275
7,6,3,582,OFF,3,22,583,80,25,2026-08-14T21:00:00+08:00,1,Standby,6,46,250
8,8,5,641,OFF,3,16,530,81,19,2026-08-14T22:00:00+08:00,1,Standby,8,49,300
6,6,3,582,OFF,3,22,546,80,19,2026-08-14T23:00:00+08:00,1,Standby,6,44,275
7,7,4,617,OFF,3,16,474,80,18,2026-08-15T00:00:00+08:00,1,Standby,7,39,300
6,6,3,587,OFF,3,17,513,78,15,2026-08-15T01:00:00+08:00,1,Standby,6,40,250
7,7,4,612,OFF,3,18,460,81,18,2026-08-15T02:00:00+08:00,1,Standby,7,41,300
7,7,4,615,OFF,3,17,501,82,15,2026-08-15T03:00:00+08:00,1,Standby,7,39,300
9,8,5,637,OFF,3,26,611,75,23,2026-08-15T04:00:00+08:00,1,Standby,8,49,275
7,7,4,605,OFF,3,18,527,76,24,2026-08-15T05:00:00+08:00,1,Standby,7,39,275
7,7,4,612,OFF,3,20,500,82,23,2026-08-15T06:00:00+08:00,1,Standby,7,40,300
7,7,4,614,OFF,3,24,592,77,25,2026-08-15T07:00:00+08:00,1,Standby,7,50,275
9,7,4,613,ON,3,65,1351,53,58,2026-08-15T08:00:00+08:00,1,Cooling,7,172,300
10,8,4,617,ON,4,58,1238,61,54,2026-08-15T09:00:00+08:00,1,Cooling,8,169,250
9,7,4,609,ON,3,58,1327,58,54,2026-08-15T10:00:00+08:00,1,Cooling,7,170,275
9,7,3,580,ON,3,59,1227,59,52,2026-08-15T11:00:00+08:00,1,Cooling,7,160,275
9,7,4,611,ON,4,76,1596,44,63,2026-08-15T12:00:00+08:00,2,Cooling,7,227,300
8,6,3,590,ON,3,60,1249,54,56,2026-08-15T13:00:00+08:00,2,Cooling,6,189,300
8,6,2,557,ON,4,68,1445,55,58,2026-08-15T14:00:00+08:00,2,Cooling,6,217,250
9,7,3,589,ON,4,69,1422,48,63,2026-08-15T15:00:00+08:00,2,Cooling,7,197,275
10,8,4,612,ON,4,60,1355,63,54,2026-08-15T16:00:00+08:00,2,Cooling,8,144,250
10,8,5,641,ON,3,58,1295,55,53,2026-08-15T17:00:00+08:00,2,Cooling,8,169,275
8,7,4,616,OFF,3,21,506,77,24,2026-08-15T18:00:00+08:00,2,Standby,7,56,275
9,7,3,585,ON,4,58,1248,54,53,2026-08-15T19:00:00+08:00,2,Cooling,7,150,250
7,6,3,587,OFF,3,20,530,77,25,2026-08-15T20:00:00+08:00,2,Standby,6,49,250
8,8,5,640,OFF,3,18,464,80,17,2026-08-15T21:00:00+08:00,2,Standby,8,39,275
9,8,5,644,OFF,3,23,566,78,17,2026-08-15T22:00:00+08:00,2,Standby,8,37,250
7,7,4,616,ON,3,22,569,78,19,2026-08-15T23:00:00+08:00,2,Standby,7,41,275
6,6,3,589,OFF,3,18,541,76,17,2026-08-16T00:00:00+08:00,2,Standby,6,35,275
7,7,4,613,OFF,3,18,485,77,15,2026-08-16T01:00:00+08:00,2,Standby,7,43,300
7,7,4,615,OFF,3,17,470,80,20,2026-08-16T02:00:00+08:00,2,Standby,7,38,275
7,7,4,612,OFF,3,16,466,82,18,2026-08-16T03:00:00+08:00,2,Standby,7,39,250
7,7,4,613,OFF,3,21,571,78,15,2026-08-16T04:00:00+08:00,2,Standby,7,32,275
8,7,4,615,OFF,3,21,517,77,18,2026-08-16T05:00:00+08:00,2,Standby,7,36,300
7,7,4,611,OFF,3,22,533,78,23,2026-08-16T06:00:00+08:00,2,Standby,7,41,275
8,7,4,610,OFF,3,21,527,80,18,2026-08-16T07:00:00+08:00,2,Standby,7,46,275
8,7,4,613,OFF,3,20,523,77,23,2026-08-16T08:00:00+08:00,2,Standby,7,50,300
8,8,5,634,OFF,3,23,560,79,26,2026-08-16T09:00:00+08:00,2,Standby,8,46,275
8,6,2,557,ON,4,63,1327,58,53,2026-08-16T10:00:00+08:00,2,Cooling,6,163,300
9,7,4,603,ON,3,61,1249,54,52,2026-08-16T11:00:00+08:00,2,Cooling,7,167,250
9,7,4,610,ON,3,59,1373,53,56,2026-08-16T12:00:00+08:00,1,Cooling,7,169,275
9,7,4,610,ON,3,58,1264,57,54,2026-08-16T13:00:00+08:00,1,Cooling,7,188,275
9,7,4,621,ON,4,69,1420,54,66,2026-08-16T14:00:00+08:00,1,Cooling,7,213,250
10,8,5,642,ON,4,68,1420,55,59,2026-08-16T15:00:00+08:00,1,Cooling,8,201,275
9,7,4,611,ON,4,60,1256,59,58,2026-08-16T16:00:00+08:00,1,Cooling,7,183,275
8,6,3,586,ON,3,58,1274,58,51,2026-08-16T17:00:00+08:00,1,Cooling,6,157,300
7,6,3,587,OFF,3,20,531,78,28,2026-08-16T18:00:00+08:00,1,Standby,6,52,275
8,8,5,636,ON,3,22,545,76,21,2026-08-16T19:00:00+08:00,1,Standby,8,49,250
7,7,4,608,OFF,3,23,614,81,23,2026-08-16T20:00:00+08:00,1,Standby,7,42,250
7,7,4,610,OFF,3,15,484,78,19,2026-08-16T21:00:00+08:00,1,Standby,7,46,275
8,8,5,632,OFF,3,18,519,80,20,2026-08-16T22:00:00+08:00,1,Standby,8,41,275
7,7,4,611,OFF,3,16,499,79,19,2026-08-16T23:00:00+08:00,1,Standby,7,34,250
8,8,6,650,OFF,2,22,509,78,19,2026-08-17T00:00:00+08:00,1,Standby,8,44,300
7,7,4,610,ON,3,17,475,81,21,2026-08-17T01:00:00+08:00,1,Standby,7,40,300
8,7,4,609,OFF,3,20,521,81,23,2026-08-17T02:00:00+08:00,1,Standby,7,36,275
7,7,4,616,OFF,3,22,527,82,22,2026-08-17T03:00:00+08:00,1,Standby,7,46,250
8,7,4,612,OFF,3,17,507,80,17,2026-08-17T04:00:00+08:00,1,Standby,7,30,250
7,7,4,618,OFF,3,22,573,80,22,2026-08-17T05:00:00+08:00,1,Standby,7,49,300
7,6,3,586,OFF,3,22,538,78,22,2026-08-17T06:00:00+08:00,1,Standby,6,53,300
10,8,5,639,ON,3,54,1194,57,48,2026-08-17T07:00:00+08:00,1,Cooling,8,136,250
8,6,3,582,ON,3,54,1222,59,54,2026-08-17T08:00:00+08:00,1,Cooling,6,169,275
8,6,3,582,ON,4,68,1389,56,58,2026-08-17T09:00:00+08:00,1,Cooling,6,191,300
8,6,3,588,ON,3,66,1305,52,61,2026-08-17T10:00:00+08:00,1,Cooling,6,199,250
9,7,3,589,ON,4,72,1437,53,60,2026-08-17T11:00:00+08:00,1,Cooling,7,195,250
8,6,3,591,ON,3,64,1381,56,61,2026-08-17T12:00:00+08:00,2,Cooling,6,201,250
9,7,3,574,ON,4,70,1379,52,59,2026-08-17T13:00:00+08:00,2,Cooling,7,207,250
9,7,3,590,ON,4,77,1555,48,69,2026-08-17T14:00:00+08:00,2,Cooling,7,240,275
8,6,3,596,ON,3,70,1454,48,61,2026-08-17T15:00:00+08:00,2,Cooling,6,190,250
9,7,4,613,ON,4,67,1335,53,62,2026-08-17T16:00:00+08:00,2,Cooling,7,206,250
10,8,5,634,ON,4,53,1185,58,56,2026-08-17T17:00:00+08:00,2,Cooling,8,168,250
9,7,3,577,ON,4,59,1267,59,61,2026-08-17T18:00:00+08:00,2,Cooling,7,186,275
9,7,4,606,ON,4,59,1243,57,47,2026-08-17T19:00:00+08:00,2,Cooling,7,147,250
8,8,5,633,OFF,3,24,602,77,25,2026-08-17T20:00:00+08:00,2,Standby,8,43,300
7,7,4,608,OFF,3,25,586,75,24,2026-08-17T21:00:00+08:00,2,Standby,7,42,275
9,8,5,638,ON,3,24,590,77,25,2026-08-17T22:00:00+08:00,2,Standby,8,40,300
6,6,3,581,OFF,3,18,510,80,20,2026-08-17T23:00:00+08:00,2,Standby,6,39,300
7,6,3,583,OFF,3,21,559,78,20,2026-08-18T00:00:00+08:00,2,Standby,6,41,275
8,7,4,612,OFF,3,20,536,77,21,2026-08-18T01:00:00+08:00,2,Standby,7,36,250
6,6,3,585,OFF,3,18,513,78,21,2026-08-18T02:00:00+08:00,2,Standby,6,33,250
7,7,4,612,OFF,3,22,583,81,19,2026-08-18T03:00:00+08:00,2,Standby,7,41,250
8,8,5,642,OFF,3,21,564,80,25,2026-08-18T04:00:00+08:00,2,Standby,8,46,275
10,8,5,641,ON,4,51,1196,57,49,2026-08-18T05:00:00+08:00,2,Cooling,8,148,275
10,8,5,641,ON,3,57,1325,58,53,2026-08-18T06:00:00+08:00,2,Cooling,8,162,275
9,7,4,617,ON,3,59,1269,56,52,2026-08-18T07:00:00+08:00,2,Cooling,7,149,300
9,7,4,610,ON,3,53,1179,55,55,2026-08-18T08:00:00+08:00,2,Cooling,7,157,275
8,6,2,555,ON,4,72,1378,51,60,2026-08-18T09:00:00+08:00,2,Cooling,6,194,275
9,7,4,618,ON,3,73,1485,48,67,2026-08-18T10:00:00+08:00,2,Cooling,7,234,300
10,7,3,585,ON,4,78,1474,48,74,2026-08-18T11:00:00+08:00,2,Cooling,7,245,275
8,6,3,582,ON,4,69,1445,49,64,2026-08-18T12:00:00+08:00,1,Cooling,6,207,300
8,6,3,588,ON,4,75,1542,46,72,2026-08-18T13:00:00+08:00,1,Cooling,6,242,300
10,7,3,584,ON,4,82,1598,49,72,2026-08-18T14:00:00+08:00,1,Cooling,7,255,300
9,6,2,556,ON,4,76,1465,51,68,2026-08-18T15:00:00+08:00,1,Cooling,6,221,275
9,8,4,612,ON,4,82,1613,50,68,2026-08-18T16:00:00+08:00,1,Cooling,7,233,275
10,7,3,583,ON,4,69,1414,55,57,2026-08-18T17:00:00+08:00,1,Cooling,7,196,250
10,8,5,638,ON,4,65,1393,53,60,2026-08-18T18:00:00+08:00,1,Cooling,8,190,250
10,8,5,641,ON,3,54,1174,57,49,2026-08-18T19:00:00+08:00,1,Cooling,8,143,250
9,8,5,640,OFF,3,26,587,76,27,2026-08-18T20:00:00+08:00,1,Standby,8,53,275
8,7,4,616,OFF,3,24,585,75,22,2026-08-18T21:00:00+08:00,1,Standby,7,53,275
8,8,5,643,OFF,3,21,544,78,24,2026-08-18T22:00:00+08:00,1,Standby,8,45,300
7,6,3,589,OFF,3,21,529,79,22,2026-08-18T23:00:00+08:00,1,Standby,6,42,250
6,6,3,585,OFF,3,17,480,85,15,2026-08-19T00:00:00+08:00,1,Standby,6,34,300
7,7,4,613,OFF,3,19,484,78,22,2026-08-19T01:00:00+08:00,1,Standby,7,44,275
7,6,4,614,OFF,3,17,488,78,20,2026-08-19T02:00:00+08:00,1,Standby,6,47,275
8,8,5,633,OFF,3,21,515,82,22,2026-08-19T03:00:00+08:00,1,Standby,8,41,300
8,7,5,645,OFF,2,22,537,78,23,2026-08-19T04:00:00+08:00,1,Standby,7,52,275
9,8,5,641,OFF,3,22,597,80,23,2026-08-19T05:00:00+08:00,1,Standby,8,51,300
10,8,5,644,ON,3,54,1136,57,49,2026-08-19T06:00:00+08:00,1,Cooling,8,161,275
9,7,4,613,ON,3,57,1233,56,54,2026-08-19T07:00:00+08:00,1,Cooling,7,161,275
9,7,4,609,ON,3,50,1062,63,45,2026-08-19T08:00:00+08:00,1,Cooling,7,137,275
9,7,3,581,ON,4,73,1457,54,67,2026-08-19T09:00:00+08:00,1,Cooling,7,203,275
8,6,3,581,ON,3,59,1305,54,59,2026-08-19T10:00:00+08:00,1,Cooling,6,183,275
8,6,2,554,ON,4,71,1395,49,72,2026-08-19T11:00:00+08:00,1,Cooling,6,225,250
9,7,3,582,ON,4,72,1411,52,63,2026-08-19T12:00:00+08:00,2,Cooling,7,213,250
10,7,3,590,ON,4,79,1585,50,71,2026-08-19T13:00:00+08:00,2,Cooling,7,229,275
10,8,4,609,ON,4,82,1579,52,67,2026-08-19T14:00:00+08:00,2,Cooling,8,214,275
8,6,2,551,ON,4,61,1272,53,57,2026-08-19T15:00:00+08:00,2,Cooling,6,171,250
10,8,5,644,ON,4,69,1423,53,61,2026-08-19T16:00:00+08:00,2,Cooling,8,180,250
9,7,4,611,ON,3,69,1392,53,59,2026-08-19T17:00:00+08:00,2,Cooling,7,204,250
8,6,3,586,ON,3,55,1250,56,48,2026-08-19T18:00:00+08:00,2,Cooling,6,161,250
9,7,4,611,ON,3,57,1220,60,50,2026-08-19T19:00:00+08:00,2,Cooling,7,145,300
8,7,4,608,OFF,3,21,531,78,24,2026-08-19T20:00:00+08:00,2,Standby,7,44,275
7,7,4,613,OFF,3,19,506,73,20,2026-08-19T21:00:00+08:00,2,Standby,7,41,300
7,7,4,614,OFF,3,17,478,79,23,2026-08-19T22:00:00+08:00,2,Standby,7,45,250
7,6,3,584,OFF,3,19,514,79,19,2026-08-19T23:00:00+08:00,2,Standby,6,31,300
8,8,5,635,OFF,3,22,538,80,21,2026-08-20T00:00:00+08:00,2,Standby,8,41,300
7,7,4,614,OFF,3,19,509,81,17,2026-08-20T01:00:00+08:00,2,Standby,7,44,250
7,7,4,608,OFF,3,19,471,80,20,2026-08-20T02:00:00+08:00,2,Standby,7,31,250
6,6,3,582,OFF,3,20,542,82,18,2026-08-20T03:00:00+08:00,2,Standby,6,35,250
8,7,4,613,OFF,3,17,508,81,19,2026-08-20T04:00:00+08:00,2,Standby,7,41,300
7,7,4,615,OFF,3,18,534,83,15,2026-08-20T05:00:00+08:00,2,Standby,7,37,275
8,8,5,644,OFF,3,16,503,84,18,2026-08-20T06:00:00+08:00,2,Standby,8,34,275
8,8,6,650,OFF,2,22,541,78,28,2026-08-20T07:00:00+08:00,2,Standby,8,53,275
9,7,4,609,ON,4,59,1283,56,55,2026-08-20T08:00:00+08:00,2,Cooling,7,183,250
8,6,3,589,ON,3,56,1205,61,51,2026-08-20T09:00:00+08:00,2,Cooling,6,164,275
8,6,3,596,ON,3,53,1190,57,56,2026-08-20T10:00:00+08:00,2,Cooling,6,159,275
8,6,2,553,ON,4,72,1398,53,60,2026-08-20T11:00:00+08:00,2,Cooling,6,213,275
9,7,4,615,ON,3,66,1364,53,57,2026-08-20T12:00:00+08:00,1,Cooling,7,177,300
10,8,5,647,ON,4,71,1472,51,62,2026-08-20T13:00:00+08:00,1,Cooling,8,205,300
9,7,3,584,ON,4,71,1498,51,66,2026-08-20T14:00:00+08:00,1,Cooling,7,209,300
9,7,4,614,ON,3,63,1357,59,48,2026-08-20T15:00:00+08:00,1,Cooling,7,172,275
10,8,5,636,ON,3,65,1402,56,57,2026-08-20T16:00:00+08:00,1,Cooling,8,192,275
8,6,2,558,ON,4,61,1315,61,62,2026-08-20T17:00:00+08:00,1,Cooling,6,203,300
7,6,3,582,OFF,3,22,544,77,28,2026-08-20T18:00:00+08:00,1,Standby,6,40,300
7,7,4,619,OFF,3,20,546,80,20,2026-08-20T19:00:00+08:00,1,Standby,7,46,275
9,8,5,639,OFF,3,22,556,78,23,2026-08-20T20:00:00+08:00,1,Standby,8,39,275
7,7,4,604,OFF,3,17,503,81,19,2026-08-20T21:00:00+08:00,1,Standby,7,33,300
7,6,3,584,OFF,3,21,505,81,18,2026-08-20T22:00:00+08:00,1,Standby,6,45,250
7,7,4,613,OFF,3,17,477,81,18,2026-08-20T23:00:00+08:00,1,Standby,7,40,275
